,index,test,train,ratio
0,MiddlePhalanxOutlineAgeGroup_3,29,237,0.10902255639097744
1,ProximalPhalanxTW_3,2,16,0.1111111111111111
2,FiftyWords_44,1,6,0.14285714285714285
3,DistalPhalanxTW_8,42,213,0.16470588235294117
4,FaceAll_11,8,40,0.16666666666666666
5,FordB_-1,401,1860,0.17735515258735074
6,FordB_1,409,1776,0.18718535469107553
7,ProximalPhalanxOutlineAgeGroup_1,17,72,0.19101123595505617
8,DistalPhalanxOutlineAgeGroup_3,65,257,0.20186335403726707
9,MiddlePhalanxTW_8,42,160,0.2079207920792079
10,FiftyWords_32,2,7,0.2222222222222222
11,FiftyWords_35,2,6,0.25
12,FiftyWords_36,2,6,0.25
13,MiddlePhalanxTW_7,9,25,0.2647058823529412
14,FordA_1,639,1755,0.2669172932330827
15,MiddlePhalanxTW_6,11,30,0.2682926829268293
16,HandOutlines_0,133,362,0.2686868686868687
17,FordA_-1,681,1846,0.2694895132568263
18,HandOutlines_1,237,638,0.27085714285714285
19,Earthquakes_0,104,264,0.2826086956521739
20,Worms_3,10,25,0.2857142857142857
21,ProximalPhalanxTW_8,72,180,0.2857142857142857
22,FiftyWords_48,2,5,0.2857142857142857
23,Worms_4,13,32,0.28888888888888886
24,WormsTwoClass_2,44,105,0.2953020134228188
25,Worms_2,13,31,0.29545454545454547
26,DistalPhalanxOutlineCorrect_1,161,378,0.2987012987012987
27,MiddlePhalanxOutlineCorrect_1,166,388,0.2996389891696751
28,Adiac_4,6,14,0.3
29,DistalPhalanxTW_6,13,30,0.3023255813953488
30,WormsTwoClass_1,33,76,0.30275229357798167
31,Worms_1,33,76,0.30275229357798167
32,MiddlePhalanxTW_3,25,57,0.3048780487804878
33,DistalPhalanxTW_7,8,18,0.3076923076923077
34,FiftyWords_19,4,9,0.3076923076923077
35,PhalangesOutlinesCorrect_1,526,1172,0.30977620730270905
36,Worms_5,8,17,0.32
37,ProximalPhalanxOutlineCorrect_0,92,194,0.32167832167832167
38,DistalPhalanxTW_5,39,82,0.32231404958677684
39,ProximalPhalanxOutlineCorrect_1,199,406,0.32892561983471075
40,FiftyWords_13,7,14,0.3333333333333333
41,DistalPhalanxOutlineAgeGroup_1,15,30,0.3333333333333333
42,FiftyWords_28,3,6,0.3333333333333333
43,Plane_7,10,20,0.3333333333333333
44,ProximalPhalanxTW_6,10,20,0.3333333333333333
45,FiftyWords_30,3,6,0.3333333333333333
46,DistalPhalanxOutlineCorrect_0,115,222,0.34124629080118696
47,DistalPhalanxOutlineAgeGroup_2,59,113,0.3430232558139535
48,MiddlePhalanxTW_4,44,84,0.34375
49,PhalangesOutlinesCorrect_0,332,628,0.3458333333333333
50,ProximalPhalanxOutlineAgeGroup_3,100,189,0.3460207612456747
51,Adiac_24,8,15,0.34782608695652173
52,MiddlePhalanxTW_5,23,43,0.3484848484848485
53,Adiac_30,7,13,0.35
54,Adiac_33,7,13,0.35
55,Adiac_32,7,13,0.35
56,Adiac_28,7,13,0.35
57,Adiac_1,7,13,0.35
58,Adiac_27,7,13,0.35
59,Lightning7_3,7,12,0.3684210526315789
60,CricketZ_7,24,41,0.36923076923076925
61,MiddlePhalanxOutlineCorrect_0,125,212,0.37091988130563797
62,FiftyWords_33,3,5,0.375
63,FiftyWords_37,3,5,0.375
64,Strawberry_1,132,219,0.37606837606837606
65,Earthquakes_1,35,58,0.3763440860215054
66,Strawberry_2,238,394,0.37658227848101267
67,Trace_4,19,31,0.38
68,ProximalPhalanxTW_4,67,109,0.3806818181818182
69,DistalPhalanxTW_3,18,29,0.3829787234042553
70,GestureMidAirD3_22,5,8,0.38461538461538464
71,GestureMidAirD1_11,5,8,0.38461538461538464
72,GestureMidAirD1_16,5,8,0.38461538461538464
73,GestureMidAirD1_7,5,8,0.38461538461538464
74,GestureMidAirD1_1,5,8,0.38461538461538464
75,GestureMidAirD1_21,5,8,0.38461538461538464
76,GestureMidAirD2_5,5,8,0.38461538461538464
77,GestureMidAirD3_9,5,8,0.38461538461538464
78,GestureMidAirD3_14,5,8,0.38461538461538464
79,GestureMidAirD3_7,5,8,0.38461538461538464
80,FiftyWords_18,5,8,0.38461538461538464
81,GestureMidAirD3_25,5,8,0.38461538461538464
82,GestureMidAirD3_10,5,8,0.38461538461538464
83,GestureMidAirD3_8,5,8,0.38461538461538464
84,GestureMidAirD3_15,5,8,0.38461538461538464
85,GestureMidAirD1_3,5,8,0.38461538461538464
86,GestureMidAirD3_20,5,8,0.38461538461538464
87,GestureMidAirD3_12,5,8,0.38461538461538464
88,GestureMidAirD1_5,5,8,0.38461538461538464
89,GestureMidAirD3_16,5,8,0.38461538461538464
90,GestureMidAirD3_2,5,8,0.38461538461538464
91,GestureMidAirD3_17,5,8,0.38461538461538464
92,GestureMidAirD3_3,5,8,0.38461538461538464
93,GestureMidAirD3_21,5,8,0.38461538461538464
94,GestureMidAirD3_26,5,8,0.38461538461538464
95,GestureMidAirD3_4,5,8,0.38461538461538464
96,GestureMidAirD3_23,5,8,0.38461538461538464
97,GestureMidAirD2_24,5,8,0.38461538461538464
98,GestureMidAirD2_25,5,8,0.38461538461538464
99,GestureMidAirD3_24,5,8,0.38461538461538464
100,GestureMidAirD2_1,5,8,0.38461538461538464
101,GestureMidAirD2_2,5,8,0.38461538461538464
102,GestureMidAirD1_13,5,8,0.38461538461538464
103,GestureMidAirD1_25,5,8,0.38461538461538464
104,GestureMidAirD1_22,5,8,0.38461538461538464
105,GestureMidAirD1_18,5,8,0.38461538461538464
106,GestureMidAirD1_19,5,8,0.38461538461538464
107,GestureMidAirD2_9,5,8,0.38461538461538464
108,GestureMidAirD1_4,5,8,0.38461538461538464
109,GestureMidAirD3_6,5,8,0.38461538461538464
110,GestureMidAirD3_5,5,8,0.38461538461538464
111,GestureMidAirD2_19,5,8,0.38461538461538464
112,GestureMidAirD2_6,5,8,0.38461538461538464
113,GestureMidAirD2_17,5,8,0.38461538461538464
114,GestureMidAirD2_26,5,8,0.38461538461538464
115,GestureMidAirD2_3,5,8,0.38461538461538464
116,GestureMidAirD2_4,5,8,0.38461538461538464
117,GestureMidAirD2_23,5,8,0.38461538461538464
118,GestureMidAirD3_1,5,8,0.38461538461538464
119,GestureMidAirD2_14,5,8,0.38461538461538464
120,GestureMidAirD2_8,5,8,0.38461538461538464
121,GestureMidAirD2_21,5,8,0.38461538461538464
122,GestureMidAirD2_15,5,8,0.38461538461538464
123,GestureMidAirD3_13,5,8,0.38461538461538464
124,GestureMidAirD2_12,5,8,0.38461538461538464
125,GestureMidAirD3_18,5,8,0.38461538461538464
126,GestureMidAirD3_11,5,8,0.38461538461538464
127,GestureMidAirD2_7,5,8,0.38461538461538464
128,GestureMidAirD1_14,5,8,0.38461538461538464
129,GestureMidAirD3_19,5,8,0.38461538461538464
130,GestureMidAirD1_24,5,8,0.38461538461538464
131,GestureMidAirD1_12,5,8,0.38461538461538464
132,GestureMidAirD2_18,5,8,0.38461538461538464
133,GestureMidAirD2_13,5,8,0.38461538461538464
134,GestureMidAirD2_22,5,8,0.38461538461538464
135,GestureMidAirD2_20,5,8,0.38461538461538464
136,GestureMidAirD2_11,5,8,0.38461538461538464
137,GestureMidAirD1_2,5,8,0.38461538461538464
138,GestureMidAirD2_10,5,8,0.38461538461538464
139,GestureMidAirD2_16,5,8,0.38461538461538464
140,GestureMidAirD1_9,5,8,0.38461538461538464
141,GestureMidAirD1_23,5,8,0.38461538461538464
142,GestureMidAirD1_15,5,8,0.38461538461538464
143,GestureMidAirD1_6,5,8,0.38461538461538464
144,GestureMidAirD1_8,5,8,0.38461538461538464
145,GestureMidAirD1_10,5,8,0.38461538461538464
146,GestureMidAirD1_26,5,8,0.38461538461538464
147,GestureMidAirD1_17,5,8,0.38461538461538464
148,GestureMidAirD1_20,5,8,0.38461538461538464
149,ProximalPhalanxOutlineAgeGroup_2,88,139,0.3876651982378855
150,NonInvasiveFetalECGThorax1_17,33,52,0.38823529411764707
151,NonInvasiveFetalECGThorax2_17,33,52,0.38823529411764707
152,NonInvasiveFetalECGThorax2_10,36,56,0.391304347826087
153,NonInvasiveFetalECGThorax1_10,36,56,0.391304347826087
154,Plane_6,12,18,0.4
155,FiftyWords_26,4,6,0.4
156,Adiac_6,8,12,0.4
157,CricketX_11,26,39,0.4
158,FiftyWords_23,4,6,0.4
159,MiddlePhalanxOutlineAgeGroup_1,37,55,0.40217391304347827
160,DistalPhalanxTW_4,19,28,0.40425531914893614
161,ProximalPhalanxTW_5,40,58,0.40816326530612246
162,FiftyWords_12,9,13,0.4090909090909091
163,CricketX_1,27,38,0.4153846153846154
164,FiftyWords_21,5,7,0.4166666666666667
165,FiftyWords_45,3,4,0.42857142857142855
166,FiftyWords_43,3,4,0.42857142857142855
167,FiftyWords_46,3,4,0.42857142857142855
168,NonInvasiveFetalECGThorax2_2,39,52,0.42857142857142855
169,NonInvasiveFetalECGThorax1_2,39,52,0.42857142857142855
170,Lightning7_2,6,8,0.42857142857142855
171,FiftyWords_47,3,4,0.42857142857142855
172,Adiac_15,9,12,0.42857142857142855
173,CricketZ_8,28,37,0.4307692307692308
174,ElectricDevices_7,556,728,0.43302180685358255
175,Car_4,13,17,0.43333333333333335
176,ElectricDevices_5,1869,2406,0.43719298245614036
177,SwedishLeaf_14,33,42,0.44
178,Fish_3,22,28,0.44
179,Fish_7,22,28,0.44
180,ElectricDevices_4,1165,1474,0.4414550966275104
181,FaceAll_14,32,40,0.4444444444444444
182,CricketZ_12,29,36,0.4461538461538462
183,CricketY_3,29,36,0.4461538461538462
184,CricketZ_6,29,36,0.4461538461538462
185,CricketX_7,29,36,0.4461538461538462
186,CricketY_5,29,36,0.4461538461538462
187,NonInvasiveFetalECGThorax1_34,42,52,0.44680851063829785
188,NonInvasiveFetalECGThorax2_34,42,52,0.44680851063829785
189,MiddlePhalanxOutlineAgeGroup_2,88,108,0.4489795918367347
190,Adiac_17,9,11,0.45
191,Adiac_14,9,11,0.45
192,Adiac_10,9,11,0.45
193,NonInvasiveFetalECGThorax2_8,41,50,0.45054945054945056
194,NonInvasiveFetalECGThorax1_8,41,50,0.45054945054945056
195,ProximalPhalanxTW_7,14,17,0.45161290322580644
196,Lightning2_1,33,40,0.4520547945205479
197,OSULeaf_4,44,53,0.4536082474226804
198,NonInvasiveFetalECGThorax2_20,41,49,0.45555555555555555
199,NonInvasiveFetalECGThorax1_20,41,49,0.45555555555555555
200,FiftyWords_3,28,33,0.45901639344262296
201,FiftyWords_20,6,7,0.46153846153846156
202,Adiac_19,12,14,0.46153846153846156
203,CricketX_4,30,35,0.46153846153846156
204,FiftyWords_2,42,49,0.46153846153846156
205,Plane_4,14,16,0.4666666666666667
206,Car_2,14,16,0.4666666666666667
207,Car_1,14,16,0.4666666666666667
208,ElectricDevices_2,1956,2231,0.4671602579412467
209,ElectricDevices_3,755,851,0.4701120797011208
210,NonInvasiveFetalECGThorax2_27,42,47,0.47191011235955055
211,NonInvasiveFetalECGThorax1_27,42,47,0.47191011235955055
212,Wine_1,27,30,0.47368421052631576
213,CricketY_12,31,34,0.47692307692307695
214,CricketX_6,31,34,0.47692307692307695
215,CricketY_2,31,34,0.47692307692307695
216,CricketX_3,31,34,0.47692307692307695
217,NonInvasiveFetalECGThorax2_9,42,46,0.4772727272727273
218,NonInvasiveFetalECGThorax1_9,42,46,0.4772727272727273
219,ElectricDevices_1,667,727,0.4784791965566714
220,OliveOil_4,12,13,0.48
221,Trace_1,24,26,0.48
222,Adiac_8,12,13,0.48
223,Fish_1,24,26,0.48
224,ECG200_1,64,69,0.48120300751879697
225,Coffee_1,13,14,0.48148148148148145
226,NonInvasiveFetalECGThorax2_3,42,45,0.4827586206896552
227,NonInvasiveFetalECGThorax1_3,42,45,0.4827586206896552
228,OSULeaf_1,32,34,0.48484848484848486
229,PLAID_5,17,18,0.4857142857142857
230,Ham_2,54,57,0.4864864864864865
231,GesturePebbleZ2_2,22,23,0.4888888888888889
232,GesturePebbleZ2_1,24,25,0.4897959183673469
233,GesturePebbleZ2_6,25,26,0.49019607843137253
234,EOGVerticalSignal_12,29,30,0.4915254237288136
235,EOGHorizontalSignal_12,29,30,0.4915254237288136
236,EOGHorizontalSignal_7,30,31,0.4918032786885246
237,EOGHorizontalSignal_6,30,31,0.4918032786885246
238,EOGVerticalSignal_6,30,31,0.4918032786885246
239,EOGVerticalSignal_7,30,31,0.4918032786885246
240,CricketY_8,32,33,0.49230769230769234
241,CricketZ_11,32,33,0.49230769230769234
242,SwedishLeaf_12,37,38,0.49333333333333335
243,Herring_1,38,39,0.4935064935064935
244,Ham_1,51,52,0.49514563106796117
245,EthanolLevel_4,124,126,0.496
246,EthanolLevel_2,124,126,0.496
247,PLAID_1,87,88,0.49714285714285716
248,ShapesAll_1,10,10,0.5
249,PLAID_10,13,13,0.5
250,AbnormalHeartbeat_1,55,55,0.5
251,DodgerLoopDay_5,12,12,0.5
252,BinaryHeartbeat_1,55,55,0.5
253,DodgerLoopDay_7,11,11,0.5
254,ShapesAll_47,10,10,0.5
255,ShapesAll_12,10,10,0.5
256,PLAID_6,57,57,0.5
257,ShapesAll_2,10,10,0.5
258,ShapesAll_4,10,10,0.5
259,DodgerLoopDay_4,11,11,0.5
260,DodgerLoopDay_1,12,12,0.5
261,Phoneme_39,1,1,0.5
262,SmoothSubspace_3,50,50,0.5
263,Fish_6,25,25,0.5
264,Wine_2,27,27,0.5
265,ShapesAll_3,10,10,0.5
266,PLAID_0,33,33,0.5
267,EOGVerticalSignal_2,30,30,0.5
268,EOGVerticalSignal_4,30,30,0.5
269,Fish_2,25,25,0.5
270,EOGVerticalSignal_3,30,30,0.5
271,EOGVerticalSignal_8,30,30,0.5
272,EOGHorizontalSignal_8,30,30,0.5
273,EOGHorizontalSignal_10,30,30,0.5
274,EOGVerticalSignal_1,30,30,0.5
275,EOGHorizontalSignal_4,30,30,0.5
276,EOGHorizontalSignal_1,30,30,0.5
277,EOGVerticalSignal_10,30,30,0.5
278,Plane_1,15,15,0.5
279,Meat_2,20,20,0.5
280,Meat_3,20,20,0.5
281,SmoothSubspace_2,50,50,0.5
282,SmoothSubspace_1,50,50,0.5
283,SyntheticControl_1,50,50,0.5
284,SyntheticControl_2,50,50,0.5
285,SyntheticControl_3,50,50,0.5
286,SyntheticControl_4,50,50,0.5
287,NonInvasiveFetalECGThorax1_5,48,48,0.5
288,SyntheticControl_5,50,50,0.5
289,FiftyWords_7,16,16,0.5
290,Lightning7_5,19,19,0.5
291,PLAID_9,19,19,0.5
292,PLAID_3,19,19,0.5
293,NonInvasiveFetalECGThorax2_5,48,48,0.5
294,Meat_1,20,20,0.5
295,SyntheticControl_6,50,50,0.5
296,ShapesAll_5,10,10,0.5
297,ShapesAll_29,10,10,0.5
298,ShapesAll_6,10,10,0.5
299,Computers_2,125,125,0.5
300,Computers_1,125,125,0.5
301,LargeKitchenAppliances_3,125,125,0.5
302,SmallKitchenAppliances_1,125,125,0.5
303,ScreenType_3,125,125,0.5
304,ScreenType_2,125,125,0.5
305,ScreenType_1,125,125,0.5
306,RefrigerationDevices_3,125,125,0.5
307,SmallKitchenAppliances_3,125,125,0.5
308,RefrigerationDevices_2,125,125,0.5
309,RefrigerationDevices_1,125,125,0.5
310,SmallKitchenAppliances_2,125,125,0.5
311,LargeKitchenAppliances_2,125,125,0.5
312,EthanolLevel_3,126,126,0.5
313,EthanolLevel_1,126,126,0.5
314,ShapesAll_25,10,10,0.5
315,ShapesAll_26,10,10,0.5
316,ShapesAll_28,10,10,0.5
317,LargeKitchenAppliances_1,125,125,0.5
318,ShapesAll_48,10,10,0.5
319,ShapesAll_24,10,10,0.5
320,ShapesAll_22,10,10,0.5
321,SemgHandSubjectCh2_3,90,90,0.5
322,ACSF1_7,10,10,0.5
323,Adiac_11,10,10,0.5
324,ACSF1_1,10,10,0.5
325,Adiac_7,10,10,0.5
326,Adiac_16,10,10,0.5
327,Adiac_22,10,10,0.5
328,Adiac_35,10,10,0.5
329,ShapesAll_23,10,10,0.5
330,ShapesAll_57,10,10,0.5
331,ShapesAll_16,10,10,0.5
332,ShapesAll_9,10,10,0.5
333,ShapesAll_27,10,10,0.5
334,ShapesAll_17,10,10,0.5
335,ShapesAll_18,10,10,0.5
336,ShapesAll_19,10,10,0.5
337,ShapesAll_20,10,10,0.5
338,ShapesAll_21,10,10,0.5
339,ShapesAll_55,10,10,0.5
340,SemgHandSubjectCh2_5,90,90,0.5
341,ShapesAll_49,10,10,0.5
342,ShapesAll_60,10,10,0.5
343,PickupGestureWiimoteZ_2,5,5,0.5
344,PickupGestureWiimoteZ_1,5,5,0.5
345,OliveOil_1,5,5,0.5
346,ShakeGestureWiimoteZ_9,5,5,0.5
347,ShakeGestureWiimoteZ_8,5,5,0.5
348,ShakeGestureWiimoteZ_7,5,5,0.5
349,ShakeGestureWiimoteZ_6,5,5,0.5
350,ShakeGestureWiimoteZ_5,5,5,0.5
351,PickupGestureWiimoteZ_3,5,5,0.5
352,ShakeGestureWiimoteZ_4,5,5,0.5
353,ShakeGestureWiimoteZ_2,5,5,0.5
354,ShakeGestureWiimoteZ_1,5,5,0.5
355,PickupGestureWiimoteZ_9,5,5,0.5
356,PickupGestureWiimoteZ_10,5,5,0.5
357,FiftyWords_38,4,4,0.5
358,FiftyWords_40,4,4,0.5
359,OliveOil_3,4,4,0.5
360,FiftyWords_39,4,4,0.5
361,ShakeGestureWiimoteZ_3,5,5,0.5
362,ShapesAll_50,10,10,0.5
363,PickupGestureWiimoteZ_4,5,5,0.5
364,PickupGestureWiimoteZ_6,5,5,0.5
365,ShapesAll_30,10,10,0.5
366,ShapesAll_51,10,10,0.5
367,ShapesAll_52,10,10,0.5
368,ShapesAll_53,10,10,0.5
369,ShapesAll_54,10,10,0.5
370,ShapesAll_37,10,10,0.5
371,ACSF1_9,10,10,0.5
372,ACSF1_3,10,10,0.5
373,PickupGestureWiimoteZ_5,5,5,0.5
374,DodgerLoopDay_3,10,10,0.5
375,Beef_2,6,6,0.5
376,Beef_1,6,6,0.5
377,Beef_3,6,6,0.5
378,Beef_4,6,6,0.5
379,Beef_5,6,6,0.5
380,ShakeGestureWiimoteZ_10,5,5,0.5
381,PickupGestureWiimoteZ_8,5,5,0.5
382,PickupGestureWiimoteZ_7,5,5,0.5
383,FiftyWords_17,7,7,0.5
384,ACSF1_8,10,10,0.5
385,EOGHorizontalSignal_3,30,30,0.5
386,ShapesAll_41,10,10,0.5
387,PLAID_7,86,86,0.5
388,SemgHandMovementCh2_6,75,75,0.5
389,SemgHandMovementCh2_1,75,75,0.5
390,ShapesAll_15,10,10,0.5
391,BirdChicken_1,10,10,0.5
392,PowerCons_2,90,90,0.5
393,ACSF1_4,10,10,0.5
394,ShapesAll_31,10,10,0.5
395,ShapesAll_43,10,10,0.5
396,ShapesAll_32,10,10,0.5
397,BeetleFly_1,10,10,0.5
398,PLAID_4,78,78,0.5
399,SemgHandSubjectCh2_2,90,90,0.5
400,ShapesAll_42,10,10,0.5
401,SemgHandSubjectCh2_1,90,90,0.5
402,ShapesAll_56,10,10,0.5
403,SemgHandSubjectCh2_4,90,90,0.5
404,ShapesAll_35,10,10,0.5
405,ACSF1_5,10,10,0.5
406,BeetleFly_2,10,10,0.5
407,ACSF1_6,10,10,0.5
408,PowerCons_1,90,90,0.5
409,ShapesAll_34,10,10,0.5
410,ShapesAll_14,10,10,0.5
411,SemgHandMovementCh2_4,75,75,0.5
412,ShapesAll_11,10,10,0.5
413,ShapesAll_7,10,10,0.5
414,ShapesAll_8,10,10,0.5
415,ACSF1_2,10,10,0.5
416,SemgHandMovementCh2_3,75,75,0.5
417,ShapesAll_13,10,10,0.5
418,ShapesAll_59,10,10,0.5
419,ShapesAll_10,10,10,0.5
420,SemgHandMovementCh2_2,75,75,0.5
421,ShapesAll_44,10,10,0.5
422,EOGHorizontalSignal_2,30,30,0.5
423,ACSF1_0,10,10,0.5
424,ShapesAll_45,10,10,0.5
425,ShapesAll_58,10,10,0.5
426,ShapesAll_33,10,10,0.5
427,SemgHandMovementCh2_5,75,75,0.5
428,ShapesAll_36,10,10,0.5
429,ShapesAll_40,10,10,0.5
430,ShapesAll_39,10,10,0.5
431,ShapesAll_46,10,10,0.5
432,BirdChicken_2,10,10,0.5
433,ShapesAll_38,10,10,0.5
434,BinaryHeartbeat_0,150,149,0.5016722408026756
435,AbnormalHeartbeat_0,150,149,0.5016722408026756
436,PLAID_8,70,69,0.5035971223021583
437,PLAID_2,58,57,0.5043478260869565
438,NonInvasiveFetalECGThorax2_18,46,45,0.5054945054945055
439,NonInvasiveFetalECGThorax1_18,46,45,0.5054945054945055
440,NonInvasiveFetalECGThorax1_40,46,45,0.5054945054945055
441,NonInvasiveFetalECGThorax2_40,46,45,0.5054945054945055
442,CricketY_7,33,32,0.5076923076923077
443,CricketZ_4,33,32,0.5076923076923077
444,CricketY_11,33,32,0.5076923076923077
445,CricketZ_1,33,32,0.5076923076923077
446,CricketX_12,33,32,0.5076923076923077
447,CricketY_6,33,32,0.5076923076923077
448,CricketY_10,33,32,0.5076923076923077
449,EOGVerticalSignal_9,31,30,0.5081967213114754
450,EOGVerticalSignal_11,31,30,0.5081967213114754
451,EOGHorizontalSignal_5,31,30,0.5081967213114754
452,EOGHorizontalSignal_11,31,30,0.5081967213114754
453,EOGHorizontalSignal_9,31,30,0.5081967213114754
454,EOGVerticalSignal_5,31,30,0.5081967213114754
455,Herring_2,26,25,0.5098039215686274
456,NonInvasiveFetalECGThorax2_29,49,47,0.5104166666666666
457,NonInvasiveFetalECGThorax1_29,49,47,0.5104166666666666
458,NonInvasiveFetalECGThorax1_42,48,45,0.5161290322580645
459,NonInvasiveFetalECGThorax2_42,48,45,0.5161290322580645
460,NonInvasiveFetalECGThorax1_21,46,43,0.5168539325842697
461,NonInvasiveFetalECGThorax2_21,46,43,0.5168539325842697
462,Coffee_0,15,14,0.5172413793103449
463,GesturePebbleZ1_5,27,25,0.5192307692307693
464,DodgerLoopDay_6,13,12,0.52
465,NonInvasiveFetalECGThorax2_11,39,36,0.52
466,NonInvasiveFetalECGThorax1_11,39,36,0.52
467,SwedishLeaf_2,39,36,0.52
468,SwedishLeaf_4,39,36,0.52
469,NonInvasiveFetalECGThorax1_35,49,45,0.5212765957446809
470,NonInvasiveFetalECGThorax2_35,49,45,0.5212765957446809
471,NonInvasiveFetalECGThorax2_39,47,43,0.5222222222222223
472,NonInvasiveFetalECGThorax1_39,47,43,0.5222222222222223
473,FiftyWords_1,57,52,0.5229357798165137
474,CricketZ_9,34,31,0.5230769230769231
475,CricketX_8,34,31,0.5230769230769231
476,CricketX_2,34,31,0.5230769230769231
477,CricketY_9,34,31,0.5230769230769231
478,CricketZ_10,34,31,0.5230769230769231
479,DodgerLoopDay_2,11,10,0.5238095238095238
480,NonInvasiveFetalECGThorax2_26,41,37,0.5256410256410257
481,NonInvasiveFetalECGThorax1_26,41,37,0.5256410256410257
482,NonInvasiveFetalECGThorax1_13,51,46,0.5257731958762887
483,NonInvasiveFetalECGThorax2_13,51,46,0.5257731958762887
484,NonInvasiveFetalECGThorax1_14,47,42,0.5280898876404494
485,NonInvasiveFetalECGThorax2_14,47,42,0.5280898876404494
486,NonInvasiveFetalECGThorax2_24,46,41,0.5287356321839081
487,NonInvasiveFetalECGThorax1_24,46,41,0.5287356321839081
488,Lightning7_1,9,8,0.5294117647058824
489,NonInvasiveFetalECGThorax2_4,45,40,0.5294117647058824
490,OliveOil_2,9,8,0.5294117647058824
491,NonInvasiveFetalECGThorax1_28,45,40,0.5294117647058824
492,NonInvasiveFetalECGThorax1_4,45,40,0.5294117647058824
493,NonInvasiveFetalECGThorax2_28,45,40,0.5294117647058824
494,NonInvasiveFetalECGThorax2_6,50,44,0.5319148936170213
495,NonInvasiveFetalECGThorax1_6,50,44,0.5319148936170213
496,WordSynonyms_16,16,14,0.5333333333333333
497,SwedishLeaf_3,40,35,0.5333333333333333
498,Plane_2,16,14,0.5333333333333333
499,SwedishLeaf_15,40,35,0.5333333333333333
500,SwedishLeaf_11,40,35,0.5333333333333333
501,NonInvasiveFetalECGThorax1_22,46,40,0.5348837209302325
502,NonInvasiveFetalECGThorax2_22,46,40,0.5348837209302325
503,NonInvasiveFetalECGThorax1_30,46,40,0.5348837209302325
504,NonInvasiveFetalECGThorax2_30,46,40,0.5348837209302325
505,ECG200_-1,36,31,0.5373134328358209
506,Adiac_12,14,12,0.5384615384615384
507,GesturePebbleZ2_5,28,24,0.5384615384615384
508,CricketY_4,35,30,0.5384615384615384
509,FiftyWords_8,13,11,0.5416666666666666
510,FiftyWords_9,13,11,0.5416666666666666
511,NonInvasiveFetalECGThorax2_31,51,43,0.5425531914893617
512,NonInvasiveFetalECGThorax1_31,51,43,0.5425531914893617
513,NonInvasiveFetalECGThorax1_32,49,41,0.5444444444444444
514,NonInvasiveFetalECGThorax1_25,49,41,0.5444444444444444
515,NonInvasiveFetalECGThorax2_25,49,41,0.5444444444444444
516,NonInvasiveFetalECGThorax2_32,49,41,0.5444444444444444
517,Lightning7_6,12,10,0.5454545454545454
518,NonInvasiveFetalECGThorax1_19,48,40,0.5454545454545454
519,NonInvasiveFetalECGThorax2_19,48,40,0.5454545454545454
520,Rock_3,6,5,0.5454545454545454
521,FiftyWords_11,12,10,0.5454545454545454
522,FiftyWords_10,12,10,0.5454545454545454
523,FiftyWords_22,6,5,0.5454545454545454
524,GesturePebbleZ2_4,29,24,0.5471698113207547
525,NonInvasiveFetalECGThorax2_38,50,41,0.5494505494505495
526,NonInvasiveFetalECGThorax1_38,50,41,0.5494505494505495
527,Adiac_29,11,9,0.55
528,Adiac_31,11,9,0.55
529,Adiac_26,11,9,0.55
530,Adiac_23,11,9,0.55
531,Adiac_34,11,9,0.55
532,Adiac_9,11,9,0.55
533,Adiac_25,16,13,0.5517241379310345
534,CricketZ_5,36,29,0.5538461538461539
535,GesturePebbleZ2_3,30,24,0.5555555555555556
536,FiftyWords_14,10,8,0.5555555555555556
537,GesturePebbleZ1_2,25,20,0.5555555555555556
538,Lightning7_0,10,8,0.5555555555555556
539,FiftyWords_29,5,4,0.5555555555555556
540,FiftyWords_6,19,15,0.5588235294117647
541,Adiac_36,14,11,0.56
542,Fish_5,28,22,0.56
543,Trace_3,28,22,0.56
544,SwedishLeaf_13,42,33,0.56
545,SwedishLeaf_9,42,33,0.56
546,OSULeaf_3,42,33,0.56
547,SwedishLeaf_5,42,33,0.56
548,NonInvasiveFetalECGThorax2_36,51,40,0.5604395604395604
549,NonInvasiveFetalECGThorax1_36,51,40,0.5604395604395604
550,OSULeaf_5,46,36,0.5609756097560976
551,FiftyWords_15,9,7,0.5625
552,NonInvasiveFetalECGThorax1_33,48,37,0.5647058823529412
553,NonInvasiveFetalECGThorax2_33,48,37,0.5647058823529412
554,Adiac_2,13,10,0.5652173913043478
555,MedicalImages_9,60,46,0.5660377358490566
556,Plane_5,17,13,0.5666666666666667
557,NonInvasiveFetalECGThorax1_12,51,39,0.5666666666666667
558,NonInvasiveFetalECGThorax2_12,51,39,0.5666666666666667
559,GesturePebbleZ1_6,29,22,0.5686274509803921
560,CricketX_10,37,28,0.5692307692307692
561,CricketY_1,37,28,0.5692307692307692
562,FiftyWords_16,8,6,0.5714285714285714
563,WordSynonyms_8,32,24,0.5714285714285714
564,ToeSegmentation2_1,24,18,0.5714285714285714
565,WordSynonyms_23,8,6,0.5714285714285714
566,NonInvasiveFetalECGThorax2_1,48,36,0.5714285714285714
567,Adiac_20,12,9,0.5714285714285714
568,NonInvasiveFetalECGThorax1_1,48,36,0.5714285714285714
569,GesturePebbleZ1_1,28,21,0.5714285714285714
570,NonInvasiveFetalECGThorax1_37,50,37,0.5747126436781609
571,NonInvasiveFetalECGThorax2_37,50,37,0.5747126436781609
572,Fish_4,29,21,0.58
573,Trace_2,29,21,0.58
574,NonInvasiveFetalECGThorax1_41,54,39,0.5806451612903226
575,NonInvasiveFetalECGThorax2_41,54,39,0.5806451612903226
576,Lightning2_-1,28,20,0.5833333333333334
577,SemgHandGenderCh2_2,210,150,0.5833333333333334
578,CricketZ_2,38,27,0.5846153846153846
579,CricketX_5,38,27,0.5846153846153846
580,GesturePebbleZ1_4,31,22,0.5849056603773585
581,SwedishLeaf_8,44,31,0.5866666666666667
582,NonInvasiveFetalECGThorax2_16,56,39,0.5894736842105263
583,NonInvasiveFetalECGThorax1_16,56,39,0.5894736842105263
584,Adiac_18,13,9,0.5909090909090909
585,NonInvasiveFetalECGThorax2_15,58,40,0.5918367346938775
586,NonInvasiveFetalECGThorax1_15,58,40,0.5918367346938775
587,GesturePebbleZ1_3,32,22,0.5925925925925926
588,ElectricDevices_6,743,509,0.5934504792332268
589,NonInvasiveFetalECGThorax2_23,52,35,0.5977011494252874
590,NonInvasiveFetalECGThorax1_23,52,35,0.5977011494252874
591,Adiac_37,12,8,0.6
592,FiftyWords_24,6,4,0.6
593,SwedishLeaf_6,45,30,0.6
594,Adiac_21,12,8,0.6
595,FiftyWords_27,6,4,0.6
596,OSULeaf_6,23,15,0.6052631578947368
597,NonInvasiveFetalECGThorax1_7,57,36,0.6129032258064516
598,NonInvasiveFetalECGThorax2_7,57,36,0.6129032258064516
599,SwedishLeaf_1,46,29,0.6133333333333333
600,CricketZ_3,40,25,0.6153846153846154
601,CricketX_9,40,25,0.6153846153846154
602,FaceAll_12,66,40,0.6226415094339622
603,FiftyWords_34,5,3,0.625
604,WordSynonyms_9,10,6,0.625
605,WordSynonyms_11,10,6,0.625
606,SwedishLeaf_7,47,28,0.6266666666666667
607,FiftyWords_4,34,20,0.6296296296296297
608,Haptics_2,58,34,0.6304347826086957
609,MedicalImages_7,31,18,0.6326530612244898
610,Car_3,19,11,0.6333333333333333
611,Haptics_3,59,34,0.6344086021505376
612,FaceFour_1,14,8,0.6363636363636364
613,Haptics_4,64,36,0.64
614,WordSynonyms_17,9,5,0.6428571428571429
615,FaceAll_1,72,40,0.6428571428571429
616,Rock_2,9,5,0.6428571428571429
617,WordSynonyms_24,13,7,0.65
618,WordSynonyms_22,15,8,0.6521739130434783
619,SwedishLeaf_10,49,26,0.6533333333333333
620,OSULeaf_2,55,29,0.6547619047619048
621,FiftyWords_5,25,13,0.6578947368421053
622,MedicalImages_10,391,203,0.6582491582491582
623,PigCVP_20,4,2,0.6666666666666666
624,PigCVP_37,4,2,0.6666666666666666
625,PigArtPressure_46,4,2,0.6666666666666666
626,PigArtPressure_48,4,2,0.6666666666666666
627,PigCVP_19,4,2,0.6666666666666666
628,PigAirwayPressure_51,4,2,0.6666666666666666
629,PigArtPressure_23,4,2,0.6666666666666666
630,PigArtPressure_26,4,2,0.6666666666666666
631,PigArtPressure_25,4,2,0.6666666666666666
632,PigArtPressure_24,4,2,0.6666666666666666
633,PigArtPressure_6,4,2,0.6666666666666666
634,PigArtPressure_7,4,2,0.6666666666666666
635,PigArtPressure_8,4,2,0.6666666666666666
636,PigArtPressure_9,4,2,0.6666666666666666
637,PigArtPressure_10,4,2,0.6666666666666666
638,PigArtPressure_11,4,2,0.6666666666666666
639,PigArtPressure_15,4,2,0.6666666666666666
640,PigArtPressure_12,4,2,0.6666666666666666
641,PigArtPressure_45,4,2,0.6666666666666666
642,PigCVP_21,4,2,0.6666666666666666
643,PigArtPressure_16,4,2,0.6666666666666666
644,PigArtPressure_17,4,2,0.6666666666666666
645,PigArtPressure_18,4,2,0.6666666666666666
646,PigArtPressure_19,4,2,0.6666666666666666
647,PigArtPressure_20,4,2,0.6666666666666666
648,PigArtPressure_21,4,2,0.6666666666666666
649,PigArtPressure_22,4,2,0.6666666666666666
650,PigArtPressure_13,4,2,0.6666666666666666
651,PigArtPressure_14,4,2,0.6666666666666666
652,PigCVP_29,4,2,0.6666666666666666
653,PigCVP_23,4,2,0.6666666666666666
654,PigArtPressure_47,4,2,0.6666666666666666
655,PigCVP_5,4,2,0.6666666666666666
656,PigCVP_7,4,2,0.6666666666666666
657,PigCVP_8,4,2,0.6666666666666666
658,PigCVP_9,4,2,0.6666666666666666
659,PigCVP_10,4,2,0.6666666666666666
660,PigCVP_11,4,2,0.6666666666666666
661,PigCVP_12,4,2,0.6666666666666666
662,PigCVP_13,4,2,0.6666666666666666
663,PigCVP_14,4,2,0.6666666666666666
664,PigCVP_6,4,2,0.6666666666666666
665,PigArtPressure_5,4,2,0.6666666666666666
666,PigAirwayPressure_1,4,2,0.6666666666666666
667,PigArtPressure_4,4,2,0.6666666666666666
668,FiftyWords_50,4,2,0.6666666666666666
669,FiftyWords_49,4,2,0.6666666666666666
670,Lightning7_4,10,5,0.6666666666666666
671,FiftyWords_31,6,3,0.6666666666666666
672,Phoneme_10,2,1,0.6666666666666666
673,PigCVP_4,4,2,0.6666666666666666
674,PigCVP_3,4,2,0.6666666666666666
675,PigCVP_2,4,2,0.6666666666666666
676,PigCVP_1,4,2,0.6666666666666666
677,PigCVP_24,4,2,0.6666666666666666
678,PigCVP_25,4,2,0.6666666666666666
679,PigCVP_26,4,2,0.6666666666666666
680,PigCVP_27,4,2,0.6666666666666666
681,PigCVP_28,4,2,0.6666666666666666
682,PigArtPressure_27,4,2,0.6666666666666666
683,PigCVP_30,4,2,0.6666666666666666
684,PigCVP_31,4,2,0.6666666666666666
685,PigCVP_32,4,2,0.6666666666666666
686,PigCVP_22,4,2,0.6666666666666666
687,PigCVP_33,4,2,0.6666666666666666
688,PigCVP_35,4,2,0.6666666666666666
689,PigCVP_18,4,2,0.6666666666666666
690,PigCVP_17,4,2,0.6666666666666666
691,PigCVP_16,4,2,0.6666666666666666
692,PigCVP_15,4,2,0.6666666666666666
693,PigArtPressure_49,4,2,0.6666666666666666
694,PigArtPressure_50,4,2,0.6666666666666666
695,PigArtPressure_51,4,2,0.6666666666666666
696,PigArtPressure_52,4,2,0.6666666666666666
697,PigCVP_34,4,2,0.6666666666666666
698,PigArtPressure_44,4,2,0.6666666666666666
699,PigArtPressure_32,4,2,0.6666666666666666
700,PigArtPressure_42,4,2,0.6666666666666666
701,PigAirwayPressure_15,4,2,0.6666666666666666
702,PigAirwayPressure_46,4,2,0.6666666666666666
703,PigAirwayPressure_14,4,2,0.6666666666666666
704,PigAirwayPressure_13,4,2,0.6666666666666666
705,PigAirwayPressure_20,4,2,0.6666666666666666
706,PigAirwayPressure_45,4,2,0.6666666666666666
707,MedicalImages_3,50,25,0.6666666666666666
708,PigAirwayPressure_44,4,2,0.6666666666666666
709,PigAirwayPressure_16,4,2,0.6666666666666666
710,PigAirwayPressure_12,4,2,0.6666666666666666
711,PigAirwayPressure_8,4,2,0.6666666666666666
712,PigAirwayPressure_7,4,2,0.6666666666666666
713,PigAirwayPressure_6,4,2,0.6666666666666666
714,PigAirwayPressure_5,4,2,0.6666666666666666
715,PigAirwayPressure_4,4,2,0.6666666666666666
716,PigArtPressure_43,4,2,0.6666666666666666
717,PigAirwayPressure_11,4,2,0.6666666666666666
718,PigCVP_43,4,2,0.6666666666666666
719,PigAirwayPressure_9,4,2,0.6666666666666666
720,PigAirwayPressure_40,4,2,0.6666666666666666
721,PigAirwayPressure_17,4,2,0.6666666666666666
722,PigAirwayPressure_19,4,2,0.6666666666666666
723,PigAirwayPressure_50,4,2,0.6666666666666666
724,PigCVP_45,4,2,0.6666666666666666
725,PigCVP_46,4,2,0.6666666666666666
726,PigCVP_47,4,2,0.6666666666666666
727,PigAirwayPressure_52,4,2,0.6666666666666666
728,PigArtPressure_1,4,2,0.6666666666666666
729,PigAirwayPressure_49,4,2,0.6666666666666666
730,PigAirwayPressure_41,4,2,0.6666666666666666
731,PigAirwayPressure_18,4,2,0.6666666666666666
732,PigCVP_48,4,2,0.6666666666666666
733,PigCVP_50,4,2,0.6666666666666666
734,PigArtPressure_3,4,2,0.6666666666666666
735,PigAirwayPressure_48,4,2,0.6666666666666666
736,PigCVP_51,4,2,0.6666666666666666
737,PigAirwayPressure_47,4,2,0.6666666666666666
738,PigArtPressure_2,4,2,0.6666666666666666
739,PigAirwayPressure_10,4,2,0.6666666666666666
740,PigAirwayPressure_39,4,2,0.6666666666666666
741,PigCVP_49,4,2,0.6666666666666666
742,PigAirwayPressure_43,4,2,0.6666666666666666
743,PigAirwayPressure_3,4,2,0.6666666666666666
744,PigCVP_42,4,2,0.6666666666666666
745,PigAirwayPressure_2,4,2,0.6666666666666666
746,PigCVP_38,4,2,0.6666666666666666
747,PigAirwayPressure_21,4,2,0.6666666666666666
748,PigArtPressure_28,4,2,0.6666666666666666
749,PigArtPressure_29,4,2,0.6666666666666666
750,PigArtPressure_30,4,2,0.6666666666666666
751,PigArtPressure_31,4,2,0.6666666666666666
752,PigCVP_44,4,2,0.6666666666666666
753,PigArtPressure_33,4,2,0.6666666666666666
754,PigArtPressure_34,4,2,0.6666666666666666
755,PigArtPressure_35,4,2,0.6666666666666666
756,PigArtPressure_36,4,2,0.6666666666666666
757,PigArtPressure_37,4,2,0.6666666666666666
758,PigArtPressure_38,4,2,0.6666666666666666
759,PigArtPressure_39,4,2,0.6666666666666666
760,PigArtPressure_40,4,2,0.6666666666666666
761,PigArtPressure_41,4,2,0.6666666666666666
762,PigAirwayPressure_31,4,2,0.6666666666666666
763,PigAirwayPressure_24,4,2,0.6666666666666666
764,PigCVP_36,4,2,0.6666666666666666
765,PigAirwayPressure_26,4,2,0.6666666666666666
766,PigAirwayPressure_23,4,2,0.6666666666666666
767,PigCVP_39,4,2,0.6666666666666666
768,PigAirwayPressure_38,4,2,0.6666666666666666
769,PigCVP_41,4,2,0.6666666666666666
770,PigAirwayPressure_37,4,2,0.6666666666666666
771,PigAirwayPressure_36,4,2,0.6666666666666666
772,PigAirwayPressure_35,4,2,0.6666666666666666
773,PigAirwayPressure_25,4,2,0.6666666666666666
774,PigAirwayPressure_34,4,2,0.6666666666666666
775,PigAirwayPressure_33,4,2,0.6666666666666666
776,PigAirwayPressure_27,4,2,0.6666666666666666
777,PigAirwayPressure_30,4,2,0.6666666666666666
778,MedicalImages_4,32,16,0.6666666666666666
779,PigAirwayPressure_42,4,2,0.6666666666666666
780,PigCVP_52,4,2,0.6666666666666666
781,PigAirwayPressure_28,4,2,0.6666666666666666
782,PigAirwayPressure_32,4,2,0.6666666666666666
783,PigCVP_40,4,2,0.6666666666666666
784,PigAirwayPressure_29,4,2,0.6666666666666666
785,PigAirwayPressure_22,4,2,0.6666666666666666
786,Haptics_5,67,33,0.67
787,MelbournePedestrian_8,234,115,0.670487106017192
788,MelbournePedestrian_6,245,120,0.6712328767123288
789,MelbournePedestrian_10,245,120,0.6712328767123288
790,MelbournePedestrian_5,245,120,0.6712328767123288
791,MelbournePedestrian_7,245,120,0.6712328767123288
792,MelbournePedestrian_2,245,120,0.6712328767123288
793,MelbournePedestrian_1,245,120,0.6712328767123288
794,MelbournePedestrian_4,245,120,0.6712328767123288
795,MelbournePedestrian_3,245,120,0.6712328767123288
796,MelbournePedestrian_9,245,119,0.6730769230769231
797,MedicalImages_1,77,35,0.6875
798,MedicalImages_6,16,7,0.6956521739130435
799,WordSynonyms_4,80,35,0.6956521739130435
800,GunPointOldVersusYoung_1,150,65,0.6976744186046512
801,GunPointOldVersusYoung_2,165,71,0.6991525423728814
802,GunPointAgeSpan_2,156,67,0.6995515695067265
803,AllGestureWiimoteZ_1,70,30,0.7
804,Crop_17,700,300,0.7
805,Crop_19,700,300,0.7
806,AllGestureWiimoteZ_4,70,30,0.7
807,AllGestureWiimoteZ_8,70,30,0.7
808,Crop_24,700,300,0.7
809,AllGestureWiimoteZ_9,70,30,0.7
810,AllGestureWiimoteX_1,70,30,0.7
811,Crop_16,700,300,0.7
812,AllGestureWiimoteX_2,70,30,0.7
813,AllGestureWiimoteX_4,70,30,0.7
814,AllGestureWiimoteX_5,70,30,0.7
815,AllGestureWiimoteX_7,70,30,0.7
816,AllGestureWiimoteX_8,70,30,0.7
817,Crop_23,700,300,0.7
818,AllGestureWiimoteZ_3,70,30,0.7
819,AllGestureWiimoteZ_2,70,30,0.7
820,AllGestureWiimoteX_3,70,30,0.7
821,AllGestureWiimoteZ_10,70,30,0.7
822,Crop_15,700,300,0.7
823,Crop_22,700,300,0.7
824,AllGestureWiimoteY_10,70,30,0.7
825,AllGestureWiimoteY_5,70,30,0.7
826,AllGestureWiimoteX_6,70,30,0.7
827,AllGestureWiimoteZ_6,70,30,0.7
828,AllGestureWiimoteY_2,70,30,0.7
829,AllGestureWiimoteX_10,70,30,0.7
830,AllGestureWiimoteX_9,70,30,0.7
831,AllGestureWiimoteY_3,70,30,0.7
832,AllGestureWiimoteZ_5,70,30,0.7
833,AllGestureWiimoteY_4,70,30,0.7
834,Crop_21,700,300,0.7
835,Crop_14,700,300,0.7
836,Crop_9,700,300,0.7
837,Crop_7,700,300,0.7
838,Crop_5,700,300,0.7
839,Crop_10,700,300,0.7
840,Crop_4,700,300,0.7
841,Crop_3,700,300,0.7
842,Crop_2,700,300,0.7
843,Crop_1,700,300,0.7
844,Crop_6,700,300,0.7
845,Crop_11,700,300,0.7
846,Crop_13,700,300,0.7
847,Crop_8,700,300,0.7
848,AllGestureWiimoteY_9,70,30,0.7
849,AllGestureWiimoteY_1,70,30,0.7
850,AllGestureWiimoteY_7,70,30,0.7
851,Adiac_13,14,6,0.7
852,AllGestureWiimoteY_8,70,30,0.7
853,AllGestureWiimoteY_6,70,30,0.7
854,Crop_18,700,300,0.7
855,Crop_12,700,300,0.7
856,WordSynonyms_1,14,6,0.7
857,WordSynonyms_2,140,60,0.7
858,Plane_3,21,9,0.7
859,Crop_20,700,300,0.7
860,AllGestureWiimoteZ_7,70,30,0.7
861,GunPointMaleVersusFemale_1,166,71,0.70042194092827
862,GunPointMaleVersusFemale_2,150,64,0.7009345794392523
863,GunPointAgeSpan_1,160,68,0.7017543859649122
864,FaceAll_10,95,40,0.7037037037037037
865,WordSynonyms_19,10,4,0.7142857142857143
866,WordSynonyms_21,10,4,0.7142857142857143
867,HouseTwenty_2,50,20,0.7142857142857143
868,FaceAll_9,100,40,0.7142857142857143
869,FiftyWords_42,5,2,0.7142857142857143
870,SemgHandGenderCh2_1,390,150,0.7222222222222222
871,WordSynonyms_5,13,5,0.7222222222222222
872,WordSynonyms_20,19,7,0.7307692307692307
873,FaceAll_7,109,40,0.7315436241610739
874,WordSynonyms_3,14,5,0.7368421052631579
875,Rock_4,14,5,0.7368421052631579
876,WordSynonyms_10,34,12,0.7391304347826086
877,GunPoint_2,74,26,0.74
878,WordSynonyms_14,29,10,0.7435897435897436
879,WordSynonyms_15,12,4,0.75
880,MedicalImages_8,18,6,0.75
881,Adiac_3,15,5,0.75
882,Phoneme_26,3,1,0.75
883,MixedShapesRegularTrain_5,314,100,0.7584541062801933
884,GunPoint_1,76,24,0.76
885,WordSynonyms_6,55,17,0.7638888888888888
886,FaceFour_2,26,8,0.7647058823529411
887,FaceAll_4,131,40,0.7660818713450293
888,Haptics_1,60,18,0.7692307692307693
889,MedicalImages_2,50,15,0.7692307692307693
890,FaceAll_5,136,40,0.7727272727272727
891,FaceAll_3,136,40,0.7727272727272727
892,UWaveGestureLibraryX_5,433,127,0.7732142857142857
893,UWaveGestureLibraryZ_5,433,127,0.7732142857142857
894,UWaveGestureLibraryY_5,433,127,0.7732142857142857
895,UWaveGestureLibraryAll_5,433,127,0.7732142857142857
896,HouseTwenty_1,69,20,0.7752808988764045
897,FaceAll_2,138,40,0.7752808988764045
898,MedicalImages_5,35,10,0.7777777777777778
899,WordSynonyms_7,14,4,0.7777777777777778
900,UWaveGestureLibraryX_1,437,122,0.7817531305903399
901,UWaveGestureLibraryAll_1,437,122,0.7817531305903399
902,UWaveGestureLibraryY_1,437,122,0.7817531305903399
903,UWaveGestureLibraryZ_1,437,122,0.7817531305903399
904,DodgerLoopWeekend_2,36,10,0.782608695652174
905,FaceAll_6,147,40,0.786096256684492
906,TwoPatterns_1,1035,271,0.7924961715160797
907,InsectEPGRegularTrain_2,118,30,0.7972972972972973
908,TwoPatterns_4,959,242,0.7985012489592007
909,TwoPatterns_3,995,250,0.7991967871485943
910,UWaveGestureLibraryY_7,447,112,0.7996422182468694
911,UWaveGestureLibraryZ_7,447,112,0.7996422182468694
912,UWaveGestureLibraryAll_7,447,112,0.7996422182468694
913,UWaveGestureLibraryX_7,447,112,0.7996422182468694
914,UMD_1,48,12,0.8
915,UMD_3,48,12,0.8
916,UMD_2,48,12,0.8
917,Adiac_5,16,4,0.8
918,FiftyWords_25,8,2,0.8
919,UWaveGestureLibraryZ_6,449,111,0.8017857142857143
920,UWaveGestureLibraryX_6,449,111,0.8017857142857143
921,UWaveGestureLibraryAll_6,449,111,0.8017857142857143
922,UWaveGestureLibraryY_6,449,111,0.8017857142857143
923,InsectEPGRegularTrain_1,89,22,0.8018018018018018
924,UWaveGestureLibraryAll_4,450,110,0.8035714285714286
925,UWaveGestureLibraryZ_4,450,110,0.8035714285714286
926,UWaveGestureLibraryY_4,450,110,0.8035714285714286
927,UWaveGestureLibraryX_4,450,110,0.8035714285714286
928,MixedShapesRegularTrain_3,418,100,0.806949806949807
929,UWaveGestureLibraryAll_2,452,108,0.8071428571428572
930,UWaveGestureLibraryX_2,452,108,0.8071428571428572
931,UWaveGestureLibraryZ_2,452,108,0.8071428571428572
932,UWaveGestureLibraryY_2,452,108,0.8071428571428572
933,Rock_1,21,5,0.8076923076923077
934,InsectEPGRegularTrain_3,42,10,0.8076923076923077
935,TwoPatterns_2,1011,237,0.8100961538461539
936,UWaveGestureLibraryX_3,454,106,0.8107142857142857
937,UWaveGestureLibraryY_3,454,106,0.8107142857142857
938,UWaveGestureLibraryZ_3,454,106,0.8107142857142857
939,UWaveGestureLibraryAll_3,454,106,0.8107142857142857
940,WordSynonyms_13,13,3,0.8125
941,WordSynonyms_18,22,5,0.8148148148148148
942,FaceFour_4,22,5,0.8148148148148148
943,ArrowHead_2,53,12,0.8153846153846154
944,ArrowHead_1,53,12,0.8153846153846154
945,WordSynonyms_12,36,8,0.8181818181818182
946,MixedShapesRegularTrain_1,458,100,0.8207885304659498
947,UWaveGestureLibraryX_8,460,100,0.8214285714285714
948,UWaveGestureLibraryAll_8,460,100,0.8214285714285714
949,UWaveGestureLibraryY_8,460,100,0.8214285714285714
950,UWaveGestureLibraryZ_8,460,100,0.8214285714285714
951,InlineSkate_7,51,11,0.8225806451612904
952,InlineSkate_3,85,18,0.8252427184466019
953,Phoneme_33,5,1,0.8333333333333334
954,WordSynonyms_25,10,2,0.8333333333333334
955,BME_1,50,10,0.8333333333333334
956,BME_2,50,10,0.8333333333333334
957,InlineSkate_4,90,18,0.8333333333333334
958,BME_3,50,10,0.8333333333333334
959,ToeSegmentation1_1,108,20,0.84375
960,ArrowHead_0,69,12,0.8518518518518519
961,MixedShapesRegularTrain_4,581,100,0.8531571218795888
962,FaceAll_8,233,40,0.8534798534798534
963,ToeSegmentation2_0,106,18,0.8548387096774194
964,InlineSkate_1,53,9,0.8548387096774194
965,InlineSkate_6,84,14,0.8571428571428571
966,FiftyWords_41,6,1,0.8571428571428571
967,ToeSegmentation1_0,120,20,0.8571428571428571
968,Wafer_1,5499,903,0.8589503280224929
969,InlineSkate_2,86,14,0.86
970,InlineSkate_5,101,16,0.8632478632478633
971,MixedShapesRegularTrain_2,654,100,0.8673740053050398
972,DodgerLoopGame_2,66,10,0.868421052631579
973,FacesUCR_4,149,22,0.8713450292397661
974,Wafer_-1,665,97,0.8727034120734908
975,Fungi_14,7,1,0.875
976,Fungi_1,7,1,0.875
977,Fungi_3,7,1,0.875
978,Fungi_5,7,1,0.875
979,Fungi_17,7,1,0.875
980,Fungi_8,7,1,0.875
981,Fungi_10,7,1,0.875
982,Fungi_11,7,1,0.875
983,Fungi_13,7,1,0.875
984,FaceAll_13,287,40,0.8776758409785933
985,DodgerLoopGame_1,72,10,0.8780487804878049
986,Phoneme_16,15,2,0.8823529411764706
987,FacesUCR_1,99,13,0.8839285714285714
988,Phoneme_15,23,3,0.8846153846153846
989,Phoneme_4,23,3,0.8846153846153846
990,StarLightCurves_1,1177,152,0.8856282919488337
991,ChlorineConcentration_1,886,114,0.886
992,ChlorineConcentration_3,2045,262,0.8864325964456004
993,Phoneme_32,8,1,0.8888888888888888
994,Phoneme_5,8,1,0.8888888888888888
995,Phoneme_19,16,2,0.8888888888888888
996,StarLightCurves_3,4754,573,0.8924347662849634
997,Phoneme_30,25,3,0.8928571428571429
998,Phoneme_35,25,3,0.8928571428571429
999,StarLightCurves_2,2305,275,0.8934108527131783
1000,Phoneme_7,42,5,0.8936170212765957
1001,Phoneme_11,59,7,0.8939393939393939
1002,Phoneme_14,34,4,0.8947368421052632
1003,ECG5000_3,86,10,0.8958333333333334
1004,Phoneme_21,112,13,0.896
1005,FacesUCR_12,95,11,0.8962264150943396
1006,FaceFour_3,26,3,0.896551724137931
1007,Phoneme_31,130,15,0.896551724137931
1008,Phoneme_12,61,7,0.8970588235294118
1009,Phoneme_9,70,8,0.8974358974358975
1010,FacesUCR_13,294,33,0.8990825688073395
1011,Phoneme_17,98,11,0.8990825688073395
1012,Phoneme_3,214,24,0.8991596638655462
1013,Phoneme_23,134,15,0.8993288590604027
1014,ECG5000_2,1590,177,0.8998302207130731
1015,ECG5000_1,2627,292,0.8999657416923604
1016,ShapeletSim_1,90,10,0.9
1017,InsectWingbeatSound_1,180,20,0.9
1018,InsectWingbeatSound_7,180,20,0.9
1019,InsectWingbeatSound_5,180,20,0.9
1020,InsectWingbeatSound_8,180,20,0.9
1021,Phoneme_20,90,10,0.9
1022,InsectWingbeatSound_6,180,20,0.9
1023,InsectWingbeatSound_4,180,20,0.9
1024,InsectWingbeatSound_10,180,20,0.9
1025,Phoneme_36,18,2,0.9
1026,InsectWingbeatSound_11,180,20,0.9
1027,ShapeletSim_0,90,10,0.9
1028,InsectWingbeatSound_2,180,20,0.9
1029,InsectWingbeatSound_9,180,20,0.9
1030,InsectWingbeatSound_3,180,20,0.9
1031,FacesUCR_8,246,27,0.9010989010989011
1032,Phoneme_22,64,7,0.9014084507042254
1033,ECG5000_4,175,19,0.9020618556701031
1034,Phoneme_13,37,4,0.9024390243902439
1035,Phoneme_29,111,12,0.9024390243902439
1036,Phoneme_28,102,11,0.9026548672566371
1037,Phoneme_18,75,8,0.9036144578313253
1038,Chinatown_1,94,10,0.9038461538461539
1039,Phoneme_1,38,4,0.9047619047619048
1040,FacesUCR_7,135,14,0.9060402684563759
1041,Phoneme_27,58,6,0.90625
1042,Phoneme_25,29,3,0.90625
1043,Phoneme_2,49,5,0.9074074074074074
1044,Yoga_2,1607,163,0.907909604519774
1045,ChlorineConcentration_2,909,91,0.909
1046,Phoneme_24,20,2,0.9090909090909091
1047,Phoneme_6,30,3,0.9090909090909091
1048,Yoga_1,1393,137,0.9104575163398693
1049,DodgerLoopWeekend_1,102,10,0.9107142857142857
1050,Phoneme_34,21,2,0.9130434782608695
1051,FacesUCR_9,128,12,0.9142857142857143
1052,FacesUCR_5,161,15,0.9147727272727273
1053,Fungi_15,11,1,0.9166666666666666
1054,Fungi_16,11,1,0.9166666666666666
1055,Phoneme_8,11,1,0.9166666666666666
1056,Fungi_6,11,1,0.9166666666666666
1057,ECG5000_5,22,2,0.9166666666666666
1058,Fungi_7,11,1,0.9166666666666666
1059,Fungi_2,11,1,0.9166666666666666
1060,FacesUCR_11,44,4,0.9166666666666666
1061,Phoneme_38,22,2,0.9166666666666666
1062,FacesUCR_14,66,6,0.9166666666666666
1063,Phoneme_37,13,1,0.9285714285714286
1064,FacesUCR_6,174,13,0.93048128342246
1065,FacesUCR_2,166,12,0.9325842696629213
1066,InsectEPGSmallTrain_3,42,3,0.9333333333333333
1067,InsectEPGSmallTrain_2,118,8,0.9365079365079365
1068,InsectEPGSmallTrain_1,89,6,0.9368421052631579
1069,Fungi_18,15,1,0.9375
1070,Fungi_12,15,1,0.9375
1071,ItalyPowerDemand_1,513,34,0.9378427787934186
1072,DiatomSizeReduction_2,92,6,0.9387755102040817
1073,ItalyPowerDemand_2,516,33,0.9398907103825137
1074,MixedShapesSmallTrain_5,314,20,0.9401197604790419
1075,FacesUCR_10,127,8,0.9407407407407408
1076,FacesUCR_3,166,10,0.9431818181818182
1077,SonyAIBORobotSurface1_2,258,14,0.9485294117647058
1078,DiatomSizeReduction_3,94,5,0.9494949494949495
1079,Fungi_9,19,1,0.95
1080,FreezerRegularTrain_2,1425,75,0.95
1081,Fungi_4,19,1,0.95
1082,FreezerRegularTrain_1,1425,75,0.95
1083,MixedShapesSmallTrain_3,418,20,0.954337899543379
1084,Symbols_1,173,8,0.9558011049723757
1085,DiatomSizeReduction_4,87,4,0.9560439560439561
1086,MixedShapesSmallTrain_1,458,20,0.9581589958158996
1087,CBF_2,298,12,0.9612903225806452
1088,Chinatown_2,249,10,0.9613899613899614
1089,Mallat_4,289,11,0.9633333333333334
1090,CinCECGTorso_2,342,13,0.9633802816901409
1091,CinCECGTorso_3,343,12,0.9661971830985916
1092,MixedShapesSmallTrain_4,581,20,0.9667221297836939
1093,CBF_1,300,10,0.967741935483871
1094,ECGFiveDays_1,428,14,0.9683257918552036
1095,Symbols_2,157,5,0.9691358024691358
1096,Mallat_7,291,9,0.97
1097,MixedShapesSmallTrain_2,654,20,0.9703264094955489
1098,DiatomSizeReduction_1,33,1,0.9705882352941176
1099,SonyAIBORobotSurface2_1,365,11,0.9707446808510638
1100,CinCECGTorso_4,345,10,0.971830985915493
1101,Mallat_2,292,8,0.9733333333333334
1102,SonyAIBORobotSurface2_2,588,16,0.9735099337748344
1103,CBF_3,302,8,0.9741935483870968
1104,Mallat_8,293,7,0.9766666666666667
1105,TwoLeadECG_1,569,12,0.9793459552495697
1106,ECGFiveDays_2,433,9,0.9796380090497737
1107,Mallat_6,294,6,0.98
1108,Mallat_3,294,6,0.98
1109,Mallat_1,294,6,0.98
1110,TwoLeadECG_2,570,11,0.9810671256454389
1111,Symbols_5,159,3,0.9814814814814815
1112,Symbols_3,164,3,0.9820359281437125
1113,Symbols_6,164,3,0.9820359281437125
1114,SonyAIBORobotSurface1_1,343,6,0.9828080229226361
1115,MoteStrain_2,577,10,0.9829642248722317
1116,Symbols_4,178,3,0.9834254143646409
1117,MoteStrain_1,675,10,0.9854014598540146
1118,CinCECGTorso_1,350,5,0.9859154929577465
1119,FreezerSmallTrain_2,1425,14,0.990271021542738
1120,FreezerSmallTrain_1,1425,14,0.990271021542738
1121,Mallat_5,298,2,0.9933333333333333
